<?xml version="1.0" encoding="UTF-8"?>
<!DOCTYPE suite SYSTEM "http://testng.org/testng-1.0.dtd">
<suite name="Suite">
    <listeners>
        <listener class-name="report.Utility.TestListener"/>
    </listeners>
    <test name="Test">
        <classes>
            <class name="TestScripts.ScriptNo1">
                <methods>
                    <include name="PerformLogging"/>
                    <include name="createPetAndCheckItsAvailability"/>
                    <include name="getPetAndCheckItsValidity"/>
                    <include name="getResponseStatusCode"/>
                </methods>
            </class>
        </classes>
    </test>
</suite>